position,id
Account Sales Manager,4134370
Account Sales Trainee,4134370
Corporate Director of Operations,4134371
Delivery Driver,4134370
District Manager,4134371
District Support Manager,4134371
Division Sales Director,4134371
General Manager,4134371
Key Account Manager,4134371
Key Account Specialist,4134370
LF Delivery Driver,4134370
Market Manager,4134371
Merchandise Coordinator,4134370
Merchandiser,4134370
Merchandiser Lead,4134370
Merchandiser Manager,4134371
Merchandiser PT,4134370
Merchandiser Specialist,4134370
On Premise Account Manager,4134370
Operations Manager,4134371
Pre-Sell ASM,4134370
Presell Delivery Driver,4134370
Regional Sales Manager,4134371
Reset Specialist,4134370
Reset Specialist Manager,4134371
Senior District Manager,4134371
Senior Key Account Manager,4134371
Senior Manager Executive Administration,4134370
Senior Operations Manager,4134371
Territory Manager,4134371
Warehouse Associate,4134370
Warehouse Associate PT,4134370
Warehouse Lead,4134370
Warehouse Manager,4134371
Warehouse Support Team Lead,4134370
